{
  "sources": [
    {
      "type": "minecraft:paletted_permutations",
      "textures": [
        "minecraft:trims/items/boots_trim",
        "minecraft:trims/items/chestplate_trim",
        "minecraft:trims/items/helmet_trim",
        "minecraft:trims/items/leggings_trim"
      ],
      "palette_key": "minecraft:trims/color_palettes/trim_palette",
      "permutations": {
        "armadillo_scute": "more_armor_trim:trims/color_palettes/armadillo_scute",
		    "blaze_rod": "more_armor_trim:trims/color_palettes/blaze_rod",
        "bone": "more_armor_trim:trims/color_palettes/bone",
        "breeze_rod": "more_armor_trim:trims/color_palettes/breeze_rod",
        "coal": "more_armor_trim:trims/color_palettes/coal",
        "dragon_breath": "more_armor_trim:trims/color_palettes/dragon_breath",
        "echo_shard": "more_armor_trim:trims/color_palettes/echo_shard",
        "end_crystal": "more_armor_trim:trims/color_palettes/end_crystal",
        "ender_pearl": "more_armor_trim:trims/color_palettes/ender_pearl",
        "experience_bottle": "more_armor_trim:trims/color_palettes/experience_bottle",
        "fire_charge": "more_armor_trim:trims/color_palettes/fire_charge",
        "glow_ink": "more_armor_trim:trims/color_palettes/glow_ink",
        "glowstone": "more_armor_trim:trims/color_palettes/glowstone",
        "gunpowder": "more_armor_trim:trims/color_palettes/gunpowder",
        "heart_of_the_sea": "more_armor_trim:trims/color_palettes/heart_of_the_sea",
        "honeycomb": "more_armor_trim:trims/color_palettes/honeycomb",
        "leather": "more_armor_trim:trims/color_palettes/leather",
        "nautilus": "more_armor_trim:trims/color_palettes/nautilus",
        "nether_brick": "more_armor_trim:trims/color_palettes/nether_brick",
        "nether_star": "more_armor_trim:trims/color_palettes/nether_star",
        "netherite_scrap": "more_armor_trim:trims/color_palettes/netherite_scrap",
        "phantom_membrane": "more_armor_trim:trims/color_palettes/phantom_membrane",
        "prismarine": "more_armor_trim:trims/color_palettes/prismarine",
        "prismarine_crystals": "more_armor_trim:trims/color_palettes/prismarine_crystals",
        "purpur": "more_armor_trim:trims/color_palettes/purpur",
        "rabbit_hide": "more_armor_trim:trims/color_palettes/rabbit_hide",
        "slime": "more_armor_trim:trims/color_palettes/slime",
        "turtle_scute": "more_armor_trim:trims/color_palettes/turtle_scute"
      }
    }
  ]
}
